id;libelle;date_creation;date_expiration;image;image_content_type;collaborateur_id
1;program Cotton enhance;2019-01-11;2019-01-11;../fake-data/blob/hipster.png;image/png;1
2;target Auto Loan Account system;2019-01-11;2019-01-11;../fake-data/blob/hipster.png;image/png;2
3;Generic Granite Ball Bedfordshire Throughway;2019-01-10;2019-01-11;../fake-data/blob/hipster.png;image/png;3
4;lime Engineer generate;2019-01-10;2019-01-10;../fake-data/blob/hipster.png;image/png;4
5;bluetooth iterate;2019-01-11;2019-01-11;../fake-data/blob/hipster.png;image/png;5
6;Checking Account deliverables productivity;2019-01-11;2019-01-11;../fake-data/blob/hipster.png;image/png;6
7;Investment Account;2019-01-10;2019-01-10;../fake-data/blob/hipster.png;image/png;7
8;Books Investment Account synergies;2019-01-11;2019-01-11;../fake-data/blob/hipster.png;image/png;8
9;paradigms regional moderator;2019-01-11;2019-01-11;../fake-data/blob/hipster.png;image/png;9
10;primary Computer;2019-01-10;2019-01-11;../fake-data/blob/hipster.png;image/png;10
