id;libelle;nb_remboursement;date_pret;date_debut_remboursement
1;Buckinghamshire;21099;2019-01-03;2019-01-04
2;navigate;76041;2019-01-04;2019-01-03
3;Rustic Wooden Computer Island orchid;82901;2019-01-03;2019-01-04
4;feed;24905;2019-01-03;2019-01-04
5;world-class seamless;10765;2019-01-03;2019-01-03
6;Pakistan Rupee strategic HDD;71054;2019-01-04;2019-01-03
7;Gorgeous Soft Chips 5th generation;52730;2019-01-03;2019-01-04
8;virtual Investor;40610;2019-01-03;2019-01-04
9;stable Licensed e-business;43360;2019-01-03;2019-01-03
10;Handmade Rubber Shirt programming distributed;35533;2019-01-04;2019-01-03
